id,orig_id,titulo,autor,duracao,macrotemas,descritores,descricao,arquivo
1,1,A Saúde Digital — algumas reflexões,Prof. Dr. Bruno Olivatto,11:55,Saúde; Tecnologias,,Reflexão sobre saúde digital e suas implicações. Descrição editorial provisória.,audio/01-a-sade-digital-algumas-reflexes.ogg
2,2,Trabalhe menos para que todos trabalhem,Prof. Dr. Bruno Olivatto,7:43,Economia,Trabalho,"Reflexão sobre trabalho, jornada e organização econômica. Descrição editorial provisória.",audio/02-trabalhe-menos-para-que-todos-trabalhem.opus
3,3,Crise de confiabilidade da informação,Prof. Dr. Bruno Olivatto,10:15,Tecnologias; Cultura,Informação,"Reflexão sobre informação, confiança e circulação de conteúdos. Descrição editorial provisória.",audio/03-crise-de-confiabilidade-da-informao.opus
4,4,Indicação de livro com breve spoiler — Nexus,Prof. Dr. Bruno Olivatto,11:42,Cultura; Tecnologias,Leituras,Comentário e indicação de leitura da obra Nexus. Descrição editorial provisória.,audio/04-indicao-de-livro-com-breve-spoiler-nexus.opus
5,5,Byung-Chul Han — autor recomendado,Prof. Dr. Bruno Olivatto,19:13,Cultura; Educação,Leituras,Apresentação e recomendação de autor para reflexão contemporânea. Descrição editorial provisória.,audio/05-byung-chul-han-autor-recomendado.opus
6,6,Relação entre impostos e direitos sociais,Prof. Dr. Bruno Olivatto,14:36,Economia,Direitos sociais,"Reflexão sobre tributação, financiamento público e direitos sociais. Descrição editorial provisória.",audio/06-relao-entre-impostos-e-direitos-sociais.opus
7,7,Financeirização da economia,Prof. Dr. Bruno Olivatto,14:52,Economia,,Reflexão sobre financeirização e transformações econômicas contemporâneas. Descrição editorial provisória.,audio/07-financeirizao-da-economia.opus
8,8,Movimento ‘Somos 99%’,Prof. Dr. Bruno Olivatto,15:50,Economia,Sociedade; Movimentos sociais,"Reflexão sobre desigualdade, mobilização social e o lema dos 99%. Descrição editorial provisória.",audio/08-movimento-somos-99.opus
9,9,Epistemologias feministas,Prof. Dr. Bruno Olivatto,16:54,Educação; Cultura,Conhecimento,Reflexão sobre epistemologias feministas e modos de produção do conhecimento. Descrição editorial provisória.,audio/09-epistemologias-feministas.opus
10,10,Economia política das bets,Prof. Dr. Bruno Olivatto,15:40,Economia; Tecnologias,Sociedade,"Reflexão sobre apostas digitais, economia e sociedade. Descrição editorial provisória.",audio/10-economia-poltica-das-bets.opus
11,11,A ‘formação’ na era da aceleração,Prof. Dr. Bruno Olivatto,12:44,Educação; Cultura,Formação,Reflexão sobre formação humana e educação em uma sociedade marcada pela aceleração.,audio/11-a-formao-na-era-da-acelerao.mp3
12,12,Saúde mental e trabalho,Prof. Dr. Bruno Olivatto,18:10,Saúde,Trabalho; Saúde mental,"Reflexão sobre as relações entre organização do trabalho, sofrimento e saúde mental.",audio/12-sade-mental-e-trabalho.opus
13,13,A espiritualidade em tempos do digital em rede,Prof. Dr. Bruno Olivatto,17:41,Cultura; Tecnologias,Espiritualidade,"Reflexão sobre espiritualidade, experiência humana e vida conectada em redes digitais.",audio/13-a-espiritualidade-em-tempos-do-digital-em-rede.opus
14,14,A exaustão despolitizante,Prof. Dr. Bruno Olivatto,19:55,Cultura,Trabalho; Sociedade,"Reflexão sobre exaustão, cotidiano e seus possíveis efeitos sobre a participação e a vida coletiva.",audio/14-a-exausto-despolitizante.opus
15,15,A função social da economia,Prof. Dr. Bruno Olivatto,20:50,Economia,Sociedade; Direitos sociais,Reflexão sobre os fins sociais da atividade econômica e sua relação com necessidades coletivas.,audio/15-a-funo-social-da-economia.opus
16,16,Inteligência Artificial — algumas reflexões,Prof. Dr. Bruno Olivatto,16:38,Tecnologias,Inteligência Artificial; Sociedade,"Reflexão sobre inteligência artificial e suas implicações sociais, culturais e tecnológicas.",audio/16-inteligncia-artificial-algumas-reflexes.opus
17,17,O capital e sua agenda ESG,Prof. Dr. Bruno Olivatto,18:48,Economia,Sustentabilidade; ESG,"Reflexão sobre capital, sustentabilidade e a incorporação da agenda ESG pelas organizações.",audio/17-o-capital-e-sua-agenda-esg.opus
18,18,Soberania de dados e democracia,Prof. Dr. Bruno Olivatto,12:06,Tecnologias,Dados; Democracia,"Reflexão sobre controle de dados, soberania digital e suas relações com a democracia.",audio/18-soberania-de-dados-e-democracia.opus
19,19,As guerras como políticas de lucro,Prof. Dr. Bruno Olivatto,15:31,Economia,Sociedade; Geopolítica,"Reflexão sobre guerra, interesses econômicos e circuitos de acumulação e poder.",audio/19-as-guerras-como-polticas-de-lucro.opus
20,20,Currículo e percepção de mundo,Prof. Dr. Bruno Olivatto,20:32,Educação; Cultura,Currículo,"Reflexão sobre currículo, formação e os modos pelos quais construímos e interpretamos o mundo.",audio/20-currculo-e-percepo-de-mundo.ogg
21,21,A vida e a banalização do ranqueamento — isso é muito Black Mirror,Prof. Dr. Bruno Olivatto,21:32,Tecnologias; Cultura,Sociedade,"Reflexão sobre métricas, classificações e ranqueamentos incorporados à vida cotidiana digital.",audio/21-a-vida-e-a-banalizao-do-ranqueamento-isso-muito-black-mirror.opus
22,22,O incerto lugar do desejo na contemporaneidade,Prof. Dr. Bruno Olivatto,18:05,Cultura,Sociedade; Subjetividade,"Reflexão sobre desejo, subjetividade e experiência na vida contemporânea.",audio/22-o-incerto-lugar-do-desejo-na-contemporaneidade.opus
23,23,A insustentável leveza das nuvens digitais,Prof. Dr. Bruno Olivatto,22:10,Tecnologias,Sustentabilidade; Sociedade,Reflexão sobre a materialidade das infraestruturas digitais e seus efeitos sociais e ambientais.,audio/23-a-insustentvel-leveza-das-nuvens-digitais.opus
24,24,O irreal como real,Prof. Dr. Bruno Olivatto,19:54,Tecnologias; Cultura,Sociedade,"Reflexão sobre realidade, representação e mediações tecnológicas na experiência contemporânea.",audio/24-o-irreal-como-real.opus
25,25,O sistema de saúde no Brasil — algumas reflexões,Prof. Dr. Bruno Olivatto,20:00,Saúde,SUS; Políticas públicas,Reflexão sobre características e desafios do sistema de saúde brasileiro.,audio/25-o-sistema-de-sade-no-brasil-algumas-reflexes.opus
26,26,O sempre novo igual,Prof. Dr. Bruno Olivatto,17:25,Cultura; Economia,Sociedade,"Reflexão sobre novidade, repetição e permanências na vida social contemporânea.",audio/26-o-sempre-novo-igual.opus
27,27,Vida intelectual e inconformismo,Prof. Dr. Bruno Olivatto,17:58,Educação; Cultura,Conhecimento,"Reflexão sobre vida intelectual, pensamento crítico e inconformismo.",audio/27-vida-intelectual-e-inconformismo.opus
28,28,A corrosão lenta da vida cotidiana!,Prof. Dr. Bruno Olivatto,24:38,Cultura,Sociedade; Cotidiano,Reflexão sobre transformações sociais que afetam de forma gradual a experiência da vida cotidiana.,audio/28-a-corroso-lenta-da-vida-cotidiana.opus
29,29,Políticas anti-imigratórias e a especulação imobiliária global,Prof. Dr. Bruno Olivatto,14:28,Economia,Sociedade; Migração; Habitação,"Reflexão sobre migração, políticas anti-imigratórias e dinâmicas globais de especulação imobiliária.",audio/29-polticas-anti-imigratrias-e-a-especulao-imobiliria-global.ogg
30,30,Transvendo a pirataria e o mercado de luxo,Prof. Dr. Bruno Olivatto,18:54,Economia; Cultura,Consumo,"Reflexão sobre pirataria, mercado de luxo, consumo e valor social dos bens.",audio/30-transvendo-a-pirataria-e-o-mercado-de-luxo.ogg
31,31,Inflacionamento expressivo na zona do Euro: por quê?,Prof. Dr. Bruno Olivatto,16:54,Economia,Inflação; Europa,Reflexão sobre inflação na zona do Euro e fatores econômicos associados ao fenômeno.,audio/31-inflacionamento-expressivo-na-zona-do-euro-por-qu.ogg
32,34,Cinema sem sotaque,Prof. Dr. Bruno Olivatto,20:42,Cultura,Cinema,"Reflexão sobre cinema e cultura. Descrição editorial provisória, a ser refinada após curadoria do conteúdo.",audio/32-cinema-sem-sotaque.ogg
33,35,Lá se foi o jornal impresso e a leitura,Prof. Dr. Bruno Olivatto,20:55,Cultura; Tecnologias,Informação; Leitura,"Reflexão sobre transformações nos hábitos de leitura, informação e consumo de notícias diante da retração do jornal impresso.",audio/33-l-se-foi-o-jornal-impresso-e-a-leitura.ogg
34,36,A pedagogia do imperialismo e o colapso global,Prof. Dr. Bruno Olivatto,13:58,Educação; Cultura; Economia,Sociedade,"Reflexão sobre pedagogia, imperialismo e dinâmicas de crise e transformação global.",audio/34-a-pedagogia-do-imperialismo-e-o-colapso-global.ogg
35,37,Um tributo ao jornalismo lento,Prof. Dr. Bruno Olivatto,16:27,Cultura; Tecnologias,Informação; Jornalismo,Reflexão sobre o valor do jornalismo lento diante das transformações contemporâneas da informação.,audio/35-um-tributo-ao-jornalismo-lento.ogg
36,38,Economia global x política local,Prof. Dr. Bruno Olivatto,18:16,Economia,Sociedade,Reflexão sobre as tensões e interdependências entre processos econômicos globais e decisões políticas locais.,audio/36-economia-global-x-poltica-local.ogg
37,39,A privatização do alcance,Prof. Dr. Bruno Olivatto,10:03,Tecnologias; Cultura,Informação; Plataformas,"Reflexão sobre plataformas digitais, visibilidade, circulação de conteúdo e a privatização das condições de alcance.",audio/37-a-privatizao-do-alcance.ogg
38,40,Coescrita e fim do autor solitário,Prof. Dr. Bruno Olivatto,14:41,Educação; Cultura; Tecnologias,Autoria,"Reflexão sobre coescrita, autoria e transformações nas práticas de produção intelectual.",audio/38-coescrita-e-fim-do-autor-solitrio.ogg
39,41,A cognição é híbrida,Prof. Dr. Bruno Olivatto,16:18,Educação; Tecnologias,Conhecimento; Cognição,"Reflexão sobre cognição, conhecimento e formas híbridas de interação entre pessoas e tecnologias.",audio/39-a-cognio-hbrida.ogg
40,42,Já não bastam filtros nas fotos,Prof. Dr. Bruno Olivatto,15:54,Cultura; Tecnologias,Subjetividade,"Reflexão sobre imagem, mediação tecnológica e transformações contemporâneas da percepção de si e do mundo.",audio/40-j-no-bastam-filtros-nas-fotos.ogg
41,43,A informação como campo minado,Prof. Dr. Bruno Olivatto,15:41,Cultura; Tecnologias,Informação,"Reflexão sobre circulação da informação, confiabilidade e os desafios contemporâneos de produzir e interpretar conhecimento.",audio/41-a-informao-como-campo-minado.ogg
42,44,IA e desemprego lhe preocupam?,Prof. Dr. Bruno Olivatto,15:18,Tecnologias; Economia,Trabalho; IA,"Reflexão sobre inteligência artificial, trabalho e preocupações relacionadas às transformações do emprego.",audio/42-ia-e-desemprego-lhe-preocupam.ogg
43,45,"IA, sofrimento psíquico e os operaístas italianos",Prof. Dr. Bruno Olivatto,19:03,Tecnologias; Saúde,Trabalho; IA; Subjetividade,"Reflexão sobre inteligência artificial, trabalho, sofrimento psíquico e referências ao pensamento operaísta italiano.",audio/43-ia-sofrimento-psquico-e-os-operastas-italianos.ogg
44,46,A engrenagem invisível do capital,Prof. Dr. Bruno Olivatto,21:03,Economia,Trabalho; Sociedade,Reflexão sobre mecanismos econômicos e sociais que estruturam a reprodução contemporânea do capital.,audio/44-a-engrenagem-invisvel-do-capital.ogg
45,47,A morte da dúvida e o mundo do conhecimento sintético,Prof. Dr. Bruno Olivatto,14:42,Educação; Tecnologias,Conhecimento; IA,"Reflexão sobre dúvida, conhecimento e os desafios introduzidos pela produção sintética de informação e conteúdo.",audio/45-a-morte-da-dvida-e-o-mundo-do-conhecimento-sinttico.ogg
46,48,A crise da evidência e a fadiga de viver!,Prof. Dr. Bruno Olivatto,18:39,Saúde; Cultura,Conhecimento; Subjetividade,"Reflexão sobre evidência, confiança no conhecimento e experiências contemporâneas de fadiga e vida cotidiana.",audio/46-a-crise-da-evidncia-e-a-fadiga-de-viver.ogg
47,49,A existência algorítmica!,Prof. Dr. Bruno Olivatto,19:07,Tecnologias; Cultura,IA; Subjetividade,"Reflexão sobre algoritmos e seus efeitos na experiência, na subjetividade e nas formas contemporâneas de existência.",audio/47-a-existncia-algortmica.ogg
