numero,numero_original,titulo,duracao,audio,macrotemas,descritores,ano,autor
1,1,A Saúde Digital — algumas reflexões,11:55,audio/01-a-sade-digital-algumas-reflexes.ogg,Saúde | Tecnologias,,2026,Prof. Dr. Bruno Olivatto
2,2,Trabalhe menos para que todos trabalhem,7:43,audio/02-trabalhe-menos-para-que-todos-trabalhem.opus,Economia,Trabalho,2026,Prof. Dr. Bruno Olivatto
3,3,Crise de confiabilidade da informação,10:15,audio/03-crise-de-confiabilidade-da-informao.opus,Tecnologias | Cultura,Informação,2026,Prof. Dr. Bruno Olivatto
4,4,Indicação de livro com breve spoiler — Nexus,11:42,audio/04-indicao-de-livro-com-breve-spoiler-nexus.opus,Cultura | Tecnologias,Leituras,2026,Prof. Dr. Bruno Olivatto
5,5,Byung-Chul Han — autor recomendado,19:13,audio/05-byung-chul-han-autor-recomendado.opus,Cultura | Educação,Leituras,2026,Prof. Dr. Bruno Olivatto
6,6,Relação entre impostos e direitos sociais,14:36,audio/06-relao-entre-impostos-e-direitos-sociais.opus,Economia,Direitos sociais,2026,Prof. Dr. Bruno Olivatto
7,7,Financeirização da economia,14:52,audio/07-financeirizao-da-economia.opus,Economia,,2026,Prof. Dr. Bruno Olivatto
8,8,Movimento ‘Somos 99%’,15:50,audio/08-movimento-somos-99.opus,Economia,Sociedade | Movimentos sociais,2026,Prof. Dr. Bruno Olivatto
9,9,Epistemologias feministas,16:54,audio/09-epistemologias-feministas.opus,Educação | Cultura,Conhecimento,2026,Prof. Dr. Bruno Olivatto
10,10,Economia política das bets,15:40,audio/10-economia-poltica-das-bets.opus,Economia | Tecnologias,Sociedade,2026,Prof. Dr. Bruno Olivatto
11,11,A ‘formação’ na era da aceleração,12:44,audio/11-a-formao-na-era-da-acelerao.mp3,Educação | Cultura,Formação,2026,Prof. Dr. Bruno Olivatto
12,12,Saúde mental e trabalho,18:10,audio/12-sade-mental-e-trabalho.opus,Saúde,Trabalho | Saúde mental,2026,Prof. Dr. Bruno Olivatto
13,13,A espiritualidade em tempos do digital em rede,17:41,audio/13-a-espiritualidade-em-tempos-do-digital-em-rede.opus,Cultura | Tecnologias,Espiritualidade,2026,Prof. Dr. Bruno Olivatto
14,14,A exaustão despolitizante,19:55,audio/14-a-exausto-despolitizante.opus,Cultura,Trabalho | Sociedade,2026,Prof. Dr. Bruno Olivatto
15,15,A função social da economia,20:50,audio/15-a-funo-social-da-economia.opus,Economia,Sociedade | Direitos sociais,2026,Prof. Dr. Bruno Olivatto
16,16,Inteligência Artificial — algumas reflexões,16:38,audio/16-inteligncia-artificial-algumas-reflexes.opus,Tecnologias,Inteligência Artificial | Sociedade,2026,Prof. Dr. Bruno Olivatto
17,17,O capital e sua agenda ESG,18:48,audio/17-o-capital-e-sua-agenda-esg.opus,Economia,Sustentabilidade | ESG,2026,Prof. Dr. Bruno Olivatto
18,18,Soberania de dados e democracia,12:06,audio/18-soberania-de-dados-e-democracia.opus,Tecnologias,Dados | Democracia,2026,Prof. Dr. Bruno Olivatto
19,19,As guerras como políticas de lucro,15:31,audio/19-as-guerras-como-polticas-de-lucro.opus,Economia,Sociedade | Geopolítica,2026,Prof. Dr. Bruno Olivatto
20,20,Currículo e percepção de mundo,20:32,audio/20-currculo-e-percepo-de-mundo.ogg,Educação | Cultura,Currículo,2026,Prof. Dr. Bruno Olivatto
21,21,A vida e a banalização do ranqueamento — isso é muito Black Mirror,21:32,audio/21-a-vida-e-a-banalizao-do-ranqueamento-isso-muito-black-mirror.opus,Tecnologias | Cultura,Sociedade,2026,Prof. Dr. Bruno Olivatto
22,22,O incerto lugar do desejo na contemporaneidade,18:05,audio/22-o-incerto-lugar-do-desejo-na-contemporaneidade.opus,Cultura,Sociedade | Subjetividade,2026,Prof. Dr. Bruno Olivatto
23,23,A insustentável leveza das nuvens digitais,22:10,audio/23-a-insustentvel-leveza-das-nuvens-digitais.opus,Tecnologias,Sustentabilidade | Sociedade,2026,Prof. Dr. Bruno Olivatto
24,24,O irreal como real,19:54,audio/24-o-irreal-como-real.opus,Tecnologias | Cultura,Sociedade,2026,Prof. Dr. Bruno Olivatto
25,25,O sistema de saúde no Brasil — algumas reflexões,20:00,audio/25-o-sistema-de-sade-no-brasil-algumas-reflexes.opus,Saúde,SUS | Políticas públicas,2026,Prof. Dr. Bruno Olivatto
26,26,O sempre novo igual,17:25,audio/26-o-sempre-novo-igual.opus,Cultura | Economia,Sociedade,2026,Prof. Dr. Bruno Olivatto
27,27,Vida intelectual e inconformismo,17:58,audio/27-vida-intelectual-e-inconformismo.opus,Educação | Cultura,Conhecimento,2026,Prof. Dr. Bruno Olivatto
28,28,A corrosão lenta da vida cotidiana!,24:38,audio/28-a-corroso-lenta-da-vida-cotidiana.opus,Cultura,Sociedade | Cotidiano,2026,Prof. Dr. Bruno Olivatto
29,29,Políticas anti-imigratórias e a especulação imobiliária global,14:28,audio/29-polticas-anti-imigratrias-e-a-especulao-imobiliria-global.ogg,Economia,Sociedade | Migração | Habitação,2026,Prof. Dr. Bruno Olivatto
30,30,Transvendo a pirataria e o mercado de luxo,18:54,audio/30-transvendo-a-pirataria-e-o-mercado-de-luxo.ogg,Economia | Cultura,Consumo,2026,Prof. Dr. Bruno Olivatto
31,31,Inflacionamento expressivo na zona do Euro: por quê?,16:54,audio/31-inflacionamento-expressivo-na-zona-do-euro-por-qu.ogg,Economia,Inflação | Europa,2026,Prof. Dr. Bruno Olivatto
32,34,Cinema sem sotaque,20:42,audio/32-cinema-sem-sotaque.ogg,Cultura,Cinema,2026,Prof. Dr. Bruno Olivatto
33,35,Lá se foi o jornal impresso e a leitura,20:55,audio/33-l-se-foi-o-jornal-impresso-e-a-leitura.ogg,Cultura | Tecnologias,Informação | Leitura,2026,Prof. Dr. Bruno Olivatto
34,36,A pedagogia do imperialismo e o colapso global,13:58,audio/34-a-pedagogia-do-imperialismo-e-o-colapso-global.ogg,Educação | Cultura | Economia,Sociedade,2026,Prof. Dr. Bruno Olivatto
35,37,Um tributo ao jornalismo lento,16:27,audio/35-um-tributo-ao-jornalismo-lento.ogg,Cultura | Tecnologias,Informação | Jornalismo,2026,Prof. Dr. Bruno Olivatto
36,38,Economia global x política local,18:16,audio/36-economia-global-x-poltica-local.ogg,Economia,Sociedade,2026,Prof. Dr. Bruno Olivatto
37,39,A privatização do alcance,10:03,audio/37-a-privatizao-do-alcance.ogg,Tecnologias | Cultura,Informação | Plataformas,2026,Prof. Dr. Bruno Olivatto
38,40,Coescrita e fim do autor solitário,14:41,audio/38-coescrita-e-fim-do-autor-solitrio.ogg,Educação | Cultura | Tecnologias,Autoria,2026,Prof. Dr. Bruno Olivatto
39,41,A cognição é híbrida,16:18,audio/39-a-cognio-hbrida.ogg,Educação | Tecnologias,Conhecimento | Cognição,2026,Prof. Dr. Bruno Olivatto
40,42,Já não bastam filtros nas fotos,15:54,audio/40-j-no-bastam-filtros-nas-fotos.ogg,Cultura | Tecnologias,Subjetividade,2026,Prof. Dr. Bruno Olivatto
41,43,A informação como campo minado,15:41,audio/41-a-informao-como-campo-minado.ogg,Cultura | Tecnologias,Informação,2026,Prof. Dr. Bruno Olivatto
42,44,IA e desemprego lhe preocupam?,15:18,audio/42-ia-e-desemprego-lhe-preocupam.ogg,Tecnologias | Economia,Trabalho | IA,2026,Prof. Dr. Bruno Olivatto
43,45,"IA, sofrimento psíquico e os operaístas italianos",19:03,audio/43-ia-sofrimento-psquico-e-os-operastas-italianos.ogg,Tecnologias | Saúde,Trabalho | IA | Subjetividade,2026,Prof. Dr. Bruno Olivatto
44,46,A engrenagem invisível do capital,21:03,audio/44-a-engrenagem-invisvel-do-capital.ogg,Economia,Trabalho | Sociedade,2026,Prof. Dr. Bruno Olivatto
45,47,A morte da dúvida e o mundo do conhecimento sintético,14:42,audio/45-a-morte-da-dvida-e-o-mundo-do-conhecimento-sinttico.ogg,Educação | Tecnologias,Conhecimento | IA,2026,Prof. Dr. Bruno Olivatto
46,48,A crise da evidência e a fadiga de viver!,18:39,audio/46-a-crise-da-evidncia-e-a-fadiga-de-viver.ogg,Saúde | Cultura,Conhecimento | Subjetividade,2026,Prof. Dr. Bruno Olivatto
47,49,A existência algorítmica!,19:07,audio/47-a-existncia-algortmica.ogg,Tecnologias | Cultura,IA | Subjetividade,2026,Prof. Dr. Bruno Olivatto
